{
  "format": 1,
  "maps": [
    {
      "name": "1 FLOOR",
      "width": 1920,
      "height": 1080,
      "background_color": "#2e3436ff",
      "background_images": [
        "map-0-0.png",
        "map-0-1.png",
        "map-0-2.png"
      ],
      "items": [
        {
          "name": "101",
          "type": 0,
          "x1": 200,
          "y1": 100,
          "x2": 230,
          "y2": 120,
          "camera_direction": -1,
          "camera_range": -1
        },
        {
          "name": "102",
          "type": 0,
          "x1": 200,
          "y1": 120,
          "x2": 230,
          "y2": 140,
          "camera_direction": -1,
          "camera_range": -1
        },
        {
          "name": "103",
          "type": 0,
          "x1": 200,
          "y1": 140,
          "x2": 230,
          "y2": 160,
          "camera_direction": -1,
          "camera_range": -1
        },
        {
          "name": "104",
          "type": 0,
          "x1": 200,
          "y1": 160,
          "x2": 230,
          "y2": 180,
          "camera_direction": -1,
          "camera_range": -1
        },
        {
          "name": "105",
          "type": 1,
          "x1": 215,
          "y1": 60,
          "x2": 245,
          "y2": 90,
          "camera_direction": -1,
          "camera_range": -1
        },
        {
          "name": "106",
          "type": 1,
          "x1": 215,
          "y1": 190,
          "x2": 245,
          "y2": 220,
          "camera_direction": -1,
          "camera_range": -1
        },
        {
          "name": "107",
          "type": 0,
          "x1": 310,
          "y1": 100,
          "x2": 340,
          "y2": 120,
          "camera_direction": -1,
          "camera_range": -1
        },
        {
          "name": "108",
          "type": 0,
          "x1": 310,
          "y1": 120,
          "x2": 340,
          "y2": 140,
          "camera_direction": -1,
          "camera_range": -1
        },
        {
          "name": "109",
          "type": 0,
          "x1": 310,
          "y1": 140,
          "x2": 340,
          "y2": 160,
          "camera_direction": -1,
          "camera_range": -1
        },
        {
          "name": "110",
          "type": 0,
          "x1": 310,
          "y1": 160,
          "x2": 340,
          "y2": 180,
          "camera_direction": -1,
          "camera_range": -1
        },
        {
          "name": "111",
          "type": 1,
          "x1": 295,
          "y1": 60,
          "x2": 325,
          "y2": 90,
          "camera_direction": -1,
          "camera_range": -1
        },
        {
          "name": "112",
          "type": 1,
          "x1": 295,
          "y1": 190,
          "x2": 325,
          "y2": 220,
          "camera_direction": -1,
          "camera_range": -1
        },
        {
          "name": "113",
          "type": 0,
          "x1": 340,
          "y1": 100,
          "x2": 370,
          "y2": 120,
          "camera_direction": -1,
          "camera_range": -1
        },
        {
          "name": "114",
          "type": 0,
          "x1": 340,
          "y1": 120,
          "x2": 370,
          "y2": 140,
          "camera_direction": -1,
          "camera_range": -1
        },
        {
          "name": "115",
          "type": 0,
          "x1": 340,
          "y1": 140,
          "x2": 370,
          "y2": 160,
          "camera_direction": -1,
          "camera_range": -1
        },
        {
          "name": "116",
          "type": 0,
          "x1": 340,
          "y1": 160,
          "x2": 370,
          "y2": 180,
          "camera_direction": -1,
          "camera_range": -1
        },
        {
          "name": "117",
          "type": 1,
          "x1": 355,
          "y1": 60,
          "x2": 385,
          "y2": 90,
          "camera_direction": -1,
          "camera_range": -1
        },
        {
          "name": "118",
          "type": 1,
          "x1": 355,
          "y1": 190,
          "x2": 385,
          "y2": 220,
          "camera_direction": -1,
          "camera_range": -1
        },
        {
          "name": "119",
          "type": 0,
          "x1": 450,
          "y1": 100,
          "x2": 480,
          "y2": 120,
          "camera_direction": -1,
          "camera_range": -1
        },
        {
          "name": "120",
          "type": 0,
          "x1": 450,
          "y1": 120,
          "x2": 480,
          "y2": 140,
          "camera_direction": -1,
          "camera_range": -1
        },
        {
          "name": "121",
          "type": 0,
          "x1": 450,
          "y1": 140,
          "x2": 480,
          "y2": 160,
          "camera_direction": -1,
          "camera_range": -1
        },
        {
          "name": "122",
          "type": 0,
          "x1": 450,
          "y1": 160,
          "x2": 480,
          "y2": 180,
          "camera_direction": -1,
          "camera_range": -1
        },
        {
          "name": "123",
          "type": 1,
          "x1": 435,
          "y1": 60,
          "x2": 465,
          "y2": 90,
          "camera_direction": -1,
          "camera_range": -1
        },
        {
          "name": "124",
          "type": 1,
          "x1": 435,
          "y1": 190,
          "x2": 465,
          "y2": 220,
          "camera_direction": -1,
          "camera_range": -1
        },
        {
          "name": "125",
          "type": 0,
          "x1": 480,
          "y1": 100,
          "x2": 510,
          "y2": 120,
          "camera_direction": -1,
          "camera_range": -1
        },
        {
          "name": "126",
          "type": 0,
          "x1": 480,
          "y1": 120,
          "x2": 510,
          "y2": 140,
          "camera_direction": -1,
          "camera_range": -1
        },
        {
          "name": "127",
          "type": 0,
          "x1": 480,
          "y1": 140,
          "x2": 510,
          "y2": 160,
          "camera_direction": -1,
          "camera_range": -1
        },
        {
          "name": "128",
          "type": 0,
          "x1": 480,
          "y1": 160,
          "x2": 510,
          "y2": 180,
          "camera_direction": -1,
          "camera_range": -1
        },
        {
          "name": "129",
          "type": 1,
          "x1": 495,
          "y1": 60,
          "x2": 525,
          "y2": 90,
          "camera_direction": -1,
          "camera_range": -1
        },
        {
          "name": "130",
          "type": 1,
          "x1": 495,
          "y1": 190,
          "x2": 525,
          "y2": 220,
          "camera_direction": -1,
          "camera_range": -1
        },
        {
          "name": "131",
          "type": 0,
          "x1": 200,
          "y1": 300,
          "x2": 230,
          "y2": 320,
          "camera_direction": -1,
          "camera_range": -1
        },
        {
          "name": "132",
          "type": 0,
          "x1": 200,
          "y1": 320,
          "x2": 230,
          "y2": 340,
          "camera_direction": -1,
          "camera_range": -1
        },
        {
          "name": "133",
          "type": 0,
          "x1": 200,
          "y1": 340,
          "x2": 230,
          "y2": 360,
          "camera_direction": -1,
          "camera_range": -1
        },
        {
          "name": "134",
          "type": 0,
          "x1": 200,
          "y1": 360,
          "x2": 230,
          "y2": 380,
          "camera_direction": -1,
          "camera_range": -1
        },
        {
          "name": "135",
          "type": 1,
          "x1": 215,
          "y1": 260,
          "x2": 245,
          "y2": 290,
          "camera_direction": -1,
          "camera_range": -1
        },
        {
          "name": "136",
          "type": 1,
          "x1": 215,
          "y1": 390,
          "x2": 245,
          "y2": 420,
          "camera_direction": -1,
          "camera_range": -1
        },
        {
          "name": "137",
          "type": 0,
          "x1": 310,
          "y1": 300,
          "x2": 340,
          "y2": 320,
          "camera_direction": -1,
          "camera_range": -1
        },
        {
          "name": "138",
          "type": 0,
          "x1": 310,
          "y1": 320,
          "x2": 340,
          "y2": 340,
          "camera_direction": -1,
          "camera_range": -1
        },
        {
          "name": "139",
          "type": 0,
          "x1": 310,
          "y1": 340,
          "x2": 340,
          "y2": 360,
          "camera_direction": -1,
          "camera_range": -1
        },
        {
          "name": "140",
          "type": 0,
          "x1": 310,
          "y1": 360,
          "x2": 340,
          "y2": 380,
          "camera_direction": -1,
          "camera_range": -1
        },
        {
          "name": "141",
          "type": 1,
          "x1": 295,
          "y1": 260,
          "x2": 325,
          "y2": 290,
          "camera_direction": -1,
          "camera_range": -1
        },
        {
          "name": "142",
          "type": 1,
          "x1": 295,
          "y1": 390,
          "x2": 325,
          "y2": 420,
          "camera_direction": -1,
          "camera_range": -1
        },
        {
          "name": "143",
          "type": 0,
          "x1": 340,
          "y1": 300,
          "x2": 370,
          "y2": 320,
          "camera_direction": -1,
          "camera_range": -1
        },
        {
          "name": "144",
          "type": 0,
          "x1": 340,
          "y1": 320,
          "x2": 370,
          "y2": 340,
          "camera_direction": -1,
          "camera_range": -1
        },
        {
          "name": "145",
          "type": 0,
          "x1": 340,
          "y1": 340,
          "x2": 370,
          "y2": 360,
          "camera_direction": -1,
          "camera_range": -1
        },
        {
          "name": "146",
          "type": 0,
          "x1": 340,
          "y1": 360,
          "x2": 370,
          "y2": 380,
          "camera_direction": -1,
          "camera_range": -1
        },
        {
          "name": "147",
          "type": 1,
          "x1": 355,
          "y1": 260,
          "x2": 385,
          "y2": 290,
          "camera_direction": -1,
          "camera_range": -1
        },
        {
          "name": "148",
          "type": 1,
          "x1": 355,
          "y1": 390,
          "x2": 385,
          "y2": 420,
          "camera_direction": -1,
          "camera_range": -1
        },
        {
          "name": "149",
          "type": 0,
          "x1": 450,
          "y1": 300,
          "x2": 480,
          "y2": 320,
          "camera_direction": -1,
          "camera_range": -1
        },
        {
          "name": "150",
          "type": 0,
          "x1": 450,
          "y1": 320,
          "x2": 480,
          "y2": 340,
          "camera_direction": -1,
          "camera_range": -1
        },
        {
          "name": "151",
          "type": 0,
          "x1": 450,
          "y1": 340,
          "x2": 480,
          "y2": 360,
          "camera_direction": -1,
          "camera_range": -1
        },
        {
          "name": "152",
          "type": 0,
          "x1": 450,
          "y1": 360,
          "x2": 480,
          "y2": 380,
          "camera_direction": -1,
          "camera_range": -1
        },
        {
          "name": "153",
          "type": 1,
          "x1": 435,
          "y1": 260,
          "x2": 465,
          "y2": 290,
          "camera_direction": -1,
          "camera_range": -1
        },
        {
          "name": "154",
          "type": 1,
          "x1": 435,
          "y1": 390,
          "x2": 465,
          "y2": 420,
          "camera_direction": -1,
          "camera_range": -1
        },
        {
          "name": "155",
          "type": 0,
          "x1": 480,
          "y1": 300,
          "x2": 510,
          "y2": 320,
          "camera_direction": -1,
          "camera_range": -1
        },
        {
          "name": "156",
          "type": 0,
          "x1": 480,
          "y1": 320,
          "x2": 510,
          "y2": 340,
          "camera_direction": -1,
          "camera_range": -1
        },
        {
          "name": "157",
          "type": 0,
          "x1": 480,
          "y1": 340,
          "x2": 510,
          "y2": 360,
          "camera_direction": -1,
          "camera_range": -1
        },
        {
          "name": "158",
          "type": 0,
          "x1": 480,
          "y1": 360,
          "x2": 510,
          "y2": 380,
          "camera_direction": -1,
          "camera_range": -1
        },
        {
          "name": "159",
          "type": 1,
          "x1": 495,
          "y1": 260,
          "x2": 525,
          "y2": 290,
          "camera_direction": -1,
          "camera_range": -1
        },
        {
          "name": "160",
          "type": 1,
          "x1": 495,
          "y1": 390,
          "x2": 525,
          "y2": 420,
          "camera_direction": -1,
          "camera_range": -1
        }
      ]
    },
    {
      "name": "2 FLOOR",
      "width": 1920,
      "height": 1080,
      "background_color": "#10108040",
      "background_images": [
        "map-background-1.png",
        "map-background-2.png"
      ],
      "items": [
        {
          "name": "1001",
          "type": 0,
          "x1": 200,
          "y1": 100,
          "x2": 230,
          "y2": 120,
          "camera_direction": -1,
          "camera_range": -1
        },
        {
          "name": "1002",
          "type": 0,
          "x1": 200,
          "y1": 120,
          "x2": 230,
          "y2": 140,
          "camera_direction": -1,
          "camera_range": -1
        },
        {
          "name": "1003",
          "type": 0,
          "x1": 200,
          "y1": 140,
          "x2": 230,
          "y2": 160,
          "camera_direction": -1,
          "camera_range": -1
        },
        {
          "name": "1004",
          "type": 0,
          "x1": 200,
          "y1": 160,
          "x2": 230,
          "y2": 180,
          "camera_direction": -1,
          "camera_range": -1
        },
        {
          "name": "1005",
          "type": 1,
          "x1": 215,
          "y1": 60,
          "x2": 245,
          "y2": 90,
          "camera_direction": -1,
          "camera_range": -1
        },
        {
          "name": "1006",
          "type": 1,
          "x1": 215,
          "y1": 190,
          "x2": 245,
          "y2": 220,
          "camera_direction": -1,
          "camera_range": -1
        },
        {
          "name": "1007",
          "type": 0,
          "x1": 310,
          "y1": 100,
          "x2": 340,
          "y2": 120,
          "camera_direction": -1,
          "camera_range": -1
        },
        {
          "name": "1008",
          "type": 0,
          "x1": 310,
          "y1": 120,
          "x2": 340,
          "y2": 140,
          "camera_direction": -1,
          "camera_range": -1
        },
        {
          "name": "1009",
          "type": 0,
          "x1": 310,
          "y1": 140,
          "x2": 340,
          "y2": 160,
          "camera_direction": -1,
          "camera_range": -1
        },
        {
          "name": "1010",
          "type": 0,
          "x1": 310,
          "y1": 160,
          "x2": 340,
          "y2": 180,
          "camera_direction": -1,
          "camera_range": -1
        },
        {
          "name": "1011",
          "type": 1,
          "x1": 295,
          "y1": 60,
          "x2": 325,
          "y2": 90,
          "camera_direction": -1,
          "camera_range": -1
        },
        {
          "name": "1012",
          "type": 1,
          "x1": 295,
          "y1": 190,
          "x2": 325,
          "y2": 220,
          "camera_direction": -1,
          "camera_range": -1
        },
        {
          "name": "1013",
          "type": 0,
          "x1": 340,
          "y1": 100,
          "x2": 370,
          "y2": 120,
          "camera_direction": -1,
          "camera_range": -1
        },
        {
          "name": "1014",
          "type": 0,
          "x1": 340,
          "y1": 120,
          "x2": 370,
          "y2": 140,
          "camera_direction": -1,
          "camera_range": -1
        },
        {
          "name": "1015",
          "type": 0,
          "x1": 340,
          "y1": 140,
          "x2": 370,
          "y2": 160,
          "camera_direction": -1,
          "camera_range": -1
        },
        {
          "name": "1016",
          "type": 0,
          "x1": 340,
          "y1": 160,
          "x2": 370,
          "y2": 180,
          "camera_direction": -1,
          "camera_range": -1
        },
        {
          "name": "1017",
          "type": 1,
          "x1": 355,
          "y1": 60,
          "x2": 385,
          "y2": 90,
          "camera_direction": -1,
          "camera_range": -1
        },
        {
          "name": "1018",
          "type": 1,
          "x1": 355,
          "y1": 190,
          "x2": 385,
          "y2": 220,
          "camera_direction": -1,
          "camera_range": -1
        },
        {
          "name": "1019",
          "type": 0,
          "x1": 450,
          "y1": 100,
          "x2": 480,
          "y2": 120,
          "camera_direction": -1,
          "camera_range": -1
        },
        {
          "name": "1020",
          "type": 0,
          "x1": 450,
          "y1": 120,
          "x2": 480,
          "y2": 140,
          "camera_direction": -1,
          "camera_range": -1
        },
        {
          "name": "1021",
          "type": 0,
          "x1": 450,
          "y1": 140,
          "x2": 480,
          "y2": 160,
          "camera_direction": -1,
          "camera_range": -1
        },
        {
          "name": "1022",
          "type": 0,
          "x1": 450,
          "y1": 160,
          "x2": 480,
          "y2": 180,
          "camera_direction": -1,
          "camera_range": -1
        },
        {
          "name": "1023",
          "type": 1,
          "x1": 435,
          "y1": 60,
          "x2": 465,
          "y2": 90,
          "camera_direction": -1,
          "camera_range": -1
        },
        {
          "name": "1024",
          "type": 1,
          "x1": 435,
          "y1": 190,
          "x2": 465,
          "y2": 220,
          "camera_direction": -1,
          "camera_range": -1
        },
        {
          "name": "1025",
          "type": 0,
          "x1": 480,
          "y1": 100,
          "x2": 510,
          "y2": 120,
          "camera_direction": -1,
          "camera_range": -1
        },
        {
          "name": "1026",
          "type": 0,
          "x1": 480,
          "y1": 120,
          "x2": 510,
          "y2": 140,
          "camera_direction": -1,
          "camera_range": -1
        },
        {
          "name": "1027",
          "type": 0,
          "x1": 480,
          "y1": 140,
          "x2": 510,
          "y2": 160,
          "camera_direction": -1,
          "camera_range": -1
        },
        {
          "name": "1028",
          "type": 0,
          "x1": 480,
          "y1": 160,
          "x2": 510,
          "y2": 180,
          "camera_direction": -1,
          "camera_range": -1
        },
        {
          "name": "1029",
          "type": 1,
          "x1": 495,
          "y1": 60,
          "x2": 525,
          "y2": 90,
          "camera_direction": -1,
          "camera_range": -1
        },
        {
          "name": "1030",
          "type": 1,
          "x1": 495,
          "y1": 190,
          "x2": 525,
          "y2": 220,
          "camera_direction": -1,
          "camera_range": -1
        },
        {
          "name": "1031",
          "type": 0,
          "x1": 200,
          "y1": 300,
          "x2": 230,
          "y2": 320,
          "camera_direction": -1,
          "camera_range": -1
        },
        {
          "name": "1032",
          "type": 0,
          "x1": 200,
          "y1": 320,
          "x2": 230,
          "y2": 340,
          "camera_direction": -1,
          "camera_range": -1
        },
        {
          "name": "1033",
          "type": 0,
          "x1": 200,
          "y1": 340,
          "x2": 230,
          "y2": 360,
          "camera_direction": -1,
          "camera_range": -1
        },
        {
          "name": "1034",
          "type": 0,
          "x1": 200,
          "y1": 360,
          "x2": 230,
          "y2": 380,
          "camera_direction": -1,
          "camera_range": -1
        },
        {
          "name": "1035",
          "type": 1,
          "x1": 215,
          "y1": 260,
          "x2": 245,
          "y2": 290,
          "camera_direction": -1,
          "camera_range": -1
        },
        {
          "name": "1036",
          "type": 1,
          "x1": 215,
          "y1": 390,
          "x2": 245,
          "y2": 420,
          "camera_direction": -1,
          "camera_range": -1
        },
        {
          "name": "1037",
          "type": 0,
          "x1": 310,
          "y1": 300,
          "x2": 340,
          "y2": 320,
          "camera_direction": -1,
          "camera_range": -1
        },
        {
          "name": "1038",
          "type": 0,
          "x1": 310,
          "y1": 320,
          "x2": 340,
          "y2": 340,
          "camera_direction": -1,
          "camera_range": -1
        },
        {
          "name": "1039",
          "type": 0,
          "x1": 310,
          "y1": 340,
          "x2": 340,
          "y2": 360,
          "camera_direction": -1,
          "camera_range": -1
        },
        {
          "name": "1040",
          "type": 0,
          "x1": 310,
          "y1": 360,
          "x2": 340,
          "y2": 380,
          "camera_direction": -1,
          "camera_range": -1
        },
        {
          "name": "1041",
          "type": 1,
          "x1": 295,
          "y1": 260,
          "x2": 325,
          "y2": 290,
          "camera_direction": -1,
          "camera_range": -1
        },
        {
          "name": "1042",
          "type": 1,
          "x1": 295,
          "y1": 390,
          "x2": 325,
          "y2": 420,
          "camera_direction": -1,
          "camera_range": -1
        },
        {
          "name": "1043",
          "type": 0,
          "x1": 340,
          "y1": 300,
          "x2": 370,
          "y2": 320,
          "camera_direction": -1,
          "camera_range": -1
        },
        {
          "name": "1044",
          "type": 0,
          "x1": 340,
          "y1": 320,
          "x2": 370,
          "y2": 340,
          "camera_direction": -1,
          "camera_range": -1
        },
        {
          "name": "1045",
          "type": 0,
          "x1": 340,
          "y1": 340,
          "x2": 370,
          "y2": 360,
          "camera_direction": -1,
          "camera_range": -1
        },
        {
          "name": "1046",
          "type": 0,
          "x1": 340,
          "y1": 360,
          "x2": 370,
          "y2": 380,
          "camera_direction": -1,
          "camera_range": -1
        },
        {
          "name": "1047",
          "type": 1,
          "x1": 355,
          "y1": 260,
          "x2": 385,
          "y2": 290,
          "camera_direction": -1,
          "camera_range": -1
        },
        {
          "name": "1048",
          "type": 1,
          "x1": 355,
          "y1": 390,
          "x2": 385,
          "y2": 420,
          "camera_direction": -1,
          "camera_range": -1
        },
        {
          "name": "1049",
          "type": 0,
          "x1": 450,
          "y1": 300,
          "x2": 480,
          "y2": 320,
          "camera_direction": -1,
          "camera_range": -1
        },
        {
          "name": "1050",
          "type": 0,
          "x1": 450,
          "y1": 320,
          "x2": 480,
          "y2": 340,
          "camera_direction": -1,
          "camera_range": -1
        },
        {
          "name": "1051",
          "type": 0,
          "x1": 450,
          "y1": 340,
          "x2": 480,
          "y2": 360,
          "camera_direction": -1,
          "camera_range": -1
        },
        {
          "name": "1052",
          "type": 0,
          "x1": 450,
          "y1": 360,
          "x2": 480,
          "y2": 380,
          "camera_direction": -1,
          "camera_range": -1
        },
        {
          "name": "1053",
          "type": 1,
          "x1": 435,
          "y1": 260,
          "x2": 465,
          "y2": 290,
          "camera_direction": -1,
          "camera_range": -1
        },
        {
          "name": "1054",
          "type": 1,
          "x1": 435,
          "y1": 390,
          "x2": 465,
          "y2": 420,
          "camera_direction": -1,
          "camera_range": -1
        },
        {
          "name": "1055",
          "type": 0,
          "x1": 480,
          "y1": 300,
          "x2": 510,
          "y2": 320,
          "camera_direction": -1,
          "camera_range": -1
        },
        {
          "name": "1056",
          "type": 0,
          "x1": 480,
          "y1": 320,
          "x2": 510,
          "y2": 340,
          "camera_direction": -1,
          "camera_range": -1
        },
        {
          "name": "1057",
          "type": 0,
          "x1": 480,
          "y1": 340,
          "x2": 510,
          "y2": 360,
          "camera_direction": -1,
          "camera_range": -1
        },
        {
          "name": "1058",
          "type": 0,
          "x1": 480,
          "y1": 360,
          "x2": 510,
          "y2": 380,
          "camera_direction": -1,
          "camera_range": -1
        },
        {
          "name": "1059",
          "type": 1,
          "x1": 495,
          "y1": 260,
          "x2": 525,
          "y2": 290,
          "camera_direction": -1,
          "camera_range": -1
        },
        {
          "name": "1060",
          "type": 1,
          "x1": 495,
          "y1": 390,
          "x2": 525,
          "y2": 420,
          "camera_direction": -1,
          "camera_range": -1
        }
      ]
    },
    {
      "name": "3 FLOOR",
      "width": 1920,
      "height": 1080,
      "background_color": "#80101040",
      "background_images": [
        "map-background-1.png",
        "map-background-2.png",
        "map-background-3.png"
      ],
      "items": [
        {
          "name": "3001",
          "type": 0,
          "x1": 200,
          "y1": 100,
          "x2": 230,
          "y2": 120,
          "camera_direction": -1,
          "camera_range": -1
        },
        {
          "name": "3002",
          "type": 0,
          "x1": 200,
          "y1": 120,
          "x2": 230,
          "y2": 140,
          "camera_direction": -1,
          "camera_range": -1
        },
        {
          "name": "3003",
          "type": 0,
          "x1": 200,
          "y1": 140,
          "x2": 230,
          "y2": 160,
          "camera_direction": -1,
          "camera_range": -1
        },
        {
          "name": "3004",
          "type": 0,
          "x1": 200,
          "y1": 160,
          "x2": 230,
          "y2": 180,
          "camera_direction": -1,
          "camera_range": -1
        },
        {
          "name": "3005",
          "type": 1,
          "x1": 215,
          "y1": 60,
          "x2": 245,
          "y2": 90,
          "camera_direction": "0",
          "camera_range": "120"
        },
        {
          "name": "3006",
          "type": 1,
          "x1": 215,
          "y1": 190,
          "x2": 245,
          "y2": 220,
          "camera_direction": -1,
          "camera_range": -1
        },
        {
          "name": "3007",
          "type": 0,
          "x1": 310,
          "y1": 100,
          "x2": 340,
          "y2": 120,
          "camera_direction": -1,
          "camera_range": -1
        },
        {
          "name": "3008",
          "type": 0,
          "x1": 310,
          "y1": 120,
          "x2": 340,
          "y2": 140,
          "camera_direction": -1,
          "camera_range": -1
        },
        {
          "name": "3009",
          "type": 0,
          "x1": 310,
          "y1": 140,
          "x2": 340,
          "y2": 160,
          "camera_direction": -1,
          "camera_range": -1
        },
        {
          "name": "3010",
          "type": 0,
          "x1": 310,
          "y1": 160,
          "x2": 340,
          "y2": 180,
          "camera_direction": -1,
          "camera_range": -1
        },
        {
          "name": "3011",
          "type": 1,
          "x1": 295,
          "y1": 60,
          "x2": 325,
          "y2": 90,
          "camera_direction": "180",
          "camera_range": "120"
        },
        {
          "name": "3012",
          "type": 1,
          "x1": 295,
          "y1": 190,
          "x2": 325,
          "y2": 220,
          "camera_direction": -1,
          "camera_range": -1
        },
        {
          "name": "3013",
          "type": 0,
          "x1": 340,
          "y1": 100,
          "x2": 370,
          "y2": 120,
          "camera_direction": -1,
          "camera_range": -1
        },
        {
          "name": "3014",
          "type": 0,
          "x1": 340,
          "y1": 120,
          "x2": 370,
          "y2": 140,
          "camera_direction": -1,
          "camera_range": -1
        },
        {
          "name": "3015",
          "type": 0,
          "x1": 340,
          "y1": 140,
          "x2": 370,
          "y2": 160,
          "camera_direction": -1,
          "camera_range": -1
        },
        {
          "name": "3016",
          "type": 0,
          "x1": 340,
          "y1": 160,
          "x2": 370,
          "y2": 180,
          "camera_direction": -1,
          "camera_range": -1
        },
        {
          "name": "3017",
          "type": 1,
          "x1": 355,
          "y1": 60,
          "x2": 385,
          "y2": 90,
          "camera_direction": "90",
          "camera_range": "90"
        },
        {
          "name": "3018",
          "type": 1,
          "x1": 355,
          "y1": 190,
          "x2": 385,
          "y2": 220,
          "camera_direction": -1,
          "camera_range": -1
        },
        {
          "name": "3019",
          "type": 0,
          "x1": 450,
          "y1": 100,
          "x2": 480,
          "y2": 120,
          "camera_direction": -1,
          "camera_range": -1
        },
        {
          "name": "3020",
          "type": 0,
          "x1": 450,
          "y1": 120,
          "x2": 480,
          "y2": 140,
          "camera_direction": -1,
          "camera_range": -1
        },
        {
          "name": "3021",
          "type": 0,
          "x1": 450,
          "y1": 140,
          "x2": 480,
          "y2": 160,
          "camera_direction": -1,
          "camera_range": -1
        },
        {
          "name": "3022",
          "type": 0,
          "x1": 450,
          "y1": 160,
          "x2": 480,
          "y2": 180,
          "camera_direction": -1,
          "camera_range": -1
        },
        {
          "name": "3023",
          "type": 1,
          "x1": 435,
          "y1": 60,
          "x2": 465,
          "y2": 90,
          "camera_direction": "270",
          "camera_range": "90"
        },
        {
          "name": "3024",
          "type": 1,
          "x1": 435,
          "y1": 190,
          "x2": 465,
          "y2": 220,
          "camera_direction": -1,
          "camera_range": -1
        },
        {
          "name": "3025",
          "type": 0,
          "x1": 480,
          "y1": 100,
          "x2": 510,
          "y2": 120,
          "camera_direction": -1,
          "camera_range": -1
        },
        {
          "name": "3026",
          "type": 0,
          "x1": 480,
          "y1": 120,
          "x2": 510,
          "y2": 140,
          "camera_direction": -1,
          "camera_range": -1
        },
        {
          "name": "3027",
          "type": 0,
          "x1": 480,
          "y1": 140,
          "x2": 510,
          "y2": 160,
          "camera_direction": -1,
          "camera_range": -1
        },
        {
          "name": "3028",
          "type": 0,
          "x1": 480,
          "y1": 160,
          "x2": 510,
          "y2": 180,
          "camera_direction": -1,
          "camera_range": -1
        },
        {
          "name": "3029",
          "type": 1,
          "x1": 495,
          "y1": 60,
          "x2": 525,
          "y2": 90,
          "camera_direction": "0",
          "camera_range": "180"
        },
        {
          "name": "3030",
          "type": 1,
          "x1": 495,
          "y1": 190,
          "x2": 525,
          "y2": 220,
          "camera_direction": -1,
          "camera_range": -1
        },
        {
          "name": "3031",
          "type": 0,
          "x1": 200,
          "y1": 300,
          "x2": 230,
          "y2": 320,
          "camera_direction": -1,
          "camera_range": -1
        },
        {
          "name": "3032",
          "type": 0,
          "x1": 200,
          "y1": 320,
          "x2": 230,
          "y2": 340,
          "camera_direction": -1,
          "camera_range": -1
        },
        {
          "name": "3033",
          "type": 0,
          "x1": 200,
          "y1": 340,
          "x2": 230,
          "y2": 360,
          "camera_direction": -1,
          "camera_range": -1
        },
        {
          "name": "3034",
          "type": 0,
          "x1": 200,
          "y1": 360,
          "x2": 230,
          "y2": 380,
          "camera_direction": -1,
          "camera_range": -1
        },
        {
          "name": "3035",
          "type": 1,
          "x1": 215,
          "y1": 260,
          "x2": 245,
          "y2": 290,
          "camera_direction": -1,
          "camera_range": -1
        },
        {
          "name": "3036",
          "type": 1,
          "x1": 215,
          "y1": 390,
          "x2": 245,
          "y2": 420,
          "camera_direction": -1,
          "camera_range": -1
        },
        {
          "name": "3037",
          "type": 0,
          "x1": 310,
          "y1": 300,
          "x2": 340,
          "y2": 320,
          "camera_direction": -1,
          "camera_range": -1
        },
        {
          "name": "3038",
          "type": 0,
          "x1": 310,
          "y1": 320,
          "x2": 340,
          "y2": 340,
          "camera_direction": -1,
          "camera_range": -1
        },
        {
          "name": "3039",
          "type": 0,
          "x1": 310,
          "y1": 340,
          "x2": 340,
          "y2": 360,
          "camera_direction": -1,
          "camera_range": -1
        },
        {
          "name": "3040",
          "type": 0,
          "x1": 310,
          "y1": 360,
          "x2": 340,
          "y2": 380,
          "camera_direction": -1,
          "camera_range": -1
        },
        {
          "name": "3041",
          "type": 1,
          "x1": 295,
          "y1": 260,
          "x2": 325,
          "y2": 290,
          "camera_direction": -1,
          "camera_range": -1
        },
        {
          "name": "3042",
          "type": 1,
          "x1": 295,
          "y1": 390,
          "x2": 325,
          "y2": 420,
          "camera_direction": -1,
          "camera_range": -1
        },
        {
          "name": "3043",
          "type": 0,
          "x1": 340,
          "y1": 300,
          "x2": 370,
          "y2": 320,
          "camera_direction": -1,
          "camera_range": -1
        },
        {
          "name": "3044",
          "type": 0,
          "x1": 340,
          "y1": 320,
          "x2": 370,
          "y2": 340,
          "camera_direction": -1,
          "camera_range": -1
        },
        {
          "name": "3045",
          "type": 0,
          "x1": 340,
          "y1": 340,
          "x2": 370,
          "y2": 360,
          "camera_direction": -1,
          "camera_range": -1
        },
        {
          "name": "3046",
          "type": 0,
          "x1": 340,
          "y1": 360,
          "x2": 370,
          "y2": 380,
          "camera_direction": -1,
          "camera_range": -1
        },
        {
          "name": "3047",
          "type": 1,
          "x1": 355,
          "y1": 260,
          "x2": 385,
          "y2": 290,
          "camera_direction": -1,
          "camera_range": -1
        },
        {
          "name": "3048",
          "type": 1,
          "x1": 355,
          "y1": 390,
          "x2": 385,
          "y2": 420,
          "camera_direction": -1,
          "camera_range": -1
        },
        {
          "name": "3049",
          "type": 0,
          "x1": 450,
          "y1": 300,
          "x2": 480,
          "y2": 320,
          "camera_direction": -1,
          "camera_range": -1
        },
        {
          "name": "3050",
          "type": 0,
          "x1": 450,
          "y1": 320,
          "x2": 480,
          "y2": 340,
          "camera_direction": -1,
          "camera_range": -1
        },
        {
          "name": "3051",
          "type": 0,
          "x1": 450,
          "y1": 340,
          "x2": 480,
          "y2": 360,
          "camera_direction": -1,
          "camera_range": -1
        },
        {
          "name": "3052",
          "type": 0,
          "x1": 450,
          "y1": 360,
          "x2": 480,
          "y2": 380,
          "camera_direction": -1,
          "camera_range": -1
        },
        {
          "name": "3053",
          "type": 1,
          "x1": 435,
          "y1": 260,
          "x2": 465,
          "y2": 290,
          "camera_direction": -1,
          "camera_range": -1
        },
        {
          "name": "3054",
          "type": 1,
          "x1": 435,
          "y1": 390,
          "x2": 465,
          "y2": 420,
          "camera_direction": -1,
          "camera_range": -1
        },
        {
          "name": "3055",
          "type": 0,
          "x1": 480,
          "y1": 300,
          "x2": 510,
          "y2": 320,
          "camera_direction": -1,
          "camera_range": -1
        },
        {
          "name": "3056",
          "type": 0,
          "x1": 480,
          "y1": 320,
          "x2": 510,
          "y2": 340,
          "camera_direction": -1,
          "camera_range": -1
        },
        {
          "name": "3057",
          "type": 0,
          "x1": 480,
          "y1": 340,
          "x2": 510,
          "y2": 360,
          "camera_direction": -1,
          "camera_range": -1
        },
        {
          "name": "3058",
          "type": 0,
          "x1": 480,
          "y1": 360,
          "x2": 510,
          "y2": 380,
          "camera_direction": -1,
          "camera_range": -1
        },
        {
          "name": "3059",
          "type": 1,
          "x1": 495,
          "y1": 260,
          "x2": 525,
          "y2": 290,
          "camera_direction": -1,
          "camera_range": -1
        },
        {
          "name": "3060",
          "type": 1,
          "x1": 495,
          "y1": 390,
          "x2": 525,
          "y2": 420,
          "camera_direction": -1,
          "camera_range": -1
        }
      ]
    }
  ]
}